{
	"Artists" : [
		{"Billie" : {
			"Born": "December 18, 2001",
			"Image": "./images/artists/billie.jpeg",
			"Hometown": "Los Angeles, CA",
			"FunFact": "Recorded music in their familys home studio with her brother",
			"Album": "When We Fall Asleep, Where Do We Go?",
			"Songs": [
				"Bad Guy", "Bury a Friend"
			]
			}
		},
		{"Drake" : {
			"Born": "October 24, 1986",
			"Image": "./images/artists/drake.jpeg",
			"Hometown": "Toronto, Canada",
			"FunFact": "He was in the childhood show Degrassi.",
			"Album": "Take Care",
			"Songs": [
				"Take Care", "Hate Sleeping Alone"
			]
			}
		},
		{"Nicki Manaj" : {
			"Born": "December 8, 1982",
			"Image": "./images/artists/nicki-manaj.jpeg",
			"Hometown": "Queens, NY",
			"FunFact": "Initally pursued acting before singing.",
			"Album": "Pink Friday",
			"Songs": [
				"Super Bass", "Moment 4 Life"
			]
			}
		},
		{"Ariana Grande" : {
			"Born": "June 26, 1993",
			"Image": "./images/artists/ari.jpeg",
			"Hometown": "Boca Raton, FL",
			"FunFact": "Began her career as an actress on Victorous and Sam & Cat",
			"Album": "Thank U, Next",
			"Songs": [
				"Thank U, Next", "7 Rings"
			]
			}
		},
		{"Eminem" : {
			"Born": "October 17, 1972",
			"Image": "./images/artists/em.jpeg",
			"Hometown": "St. Joseph, MO",
			"FunFact": "He is left handed.",
			"Album": "The Marshall Mathers LP",
			"Songs": [
				"Stan", "The Real Slim Shady"
			]
			}
		},
		{"The weekend" : {
			"Born": "February 16, 1990",
			"Image": "./images/artists/the-weekend.jpeg",
			"Hometown": "Toronto, Canada",
			"FunFact": "He would upload his music anonymously to the internet in his early career.",
			"Album": "Beauty Behind the Madness",
			"Songs": [
				"Can't Feel My Face", "The Hills"
			]
			}
		}
	],
	"Albums": [
		  {
			"Name": "When We Fall Asleep, Where Do We Go?",
			"Singer": "Billie Eilish",
			"Image" : "./images/album/sleep.png",
			"Date": "March 29, 2019",
			"Songs": ["Bad Guy", "Ocean Eyes", "Bury a Friend"]
		  },
		  {
			"Name": "Happier Than Ever",
			"Image" : "./images/album/hapier.png",
			"Singer": "Billie Eilish",
			"Date": "July 30, 2021",
			"Songs": ["NDA", "Happier Than Ever", "Lost Cause"]
		  },
		  {
			"Name": "Take Care",
			"Image" : "./images/album/take.jpeg",
			"Singer": "Drake",
			"Date": "November 15, 2011",
			"Songs": ["Take Care", "Headlines", "Marvin's Room"]
		  },
		  {
			"Name": "Views",
			"Image" : "./images/album/views.jpg",
			"Singer": "Drake",
			"Date": "April 29, 2016",
			"Songs": ["One Dance", "Hotline Bling", "Controlla"]
		  },
		  {
			"Name": "The Pink Print",
			"Image" : "./images/album/print.jpg",
			"Singer": "Nicki Minaj",
			"Date": "December 12, 2014",
			"Songs": ["Anaconda", "Truffle Butter", "Feeling Myself"]
		  },
		  {
			"Name": "Pink Friday",
			"Image" : "./images/album/friday.jpg",
			"Singer": "Nicki Minaj",
			"Date": "November 22, 2010",
			"Songs": ["Super Bass", "Moment 4 Life", "Did It On'em"]
		  },
		  {
			"Name": "Thank U, Next",
			"Image" : "./images/album/ty.png",
			"Singer": "Ariana Grande",
			"Date": "February 8, 2019",
			"Songs": ["Thank U, Next", "7 Rings", "Break Up with Your Girlfriend, I'm Bored"]
		  },
		  {
			"Name": "My Everything",
			"Image" : "./images/album/every.jpg",
			"Singer": "Ariana Grande",
			"Date": "August 25, 2014",
			"Songs": ["Problem", "Bang Bang", "Love Me Harder"]
		  },
		  {
			"Name": "The Eminem Show",
			"Image" : "./images/album/show.jpg",
			"Singer": "Eminem",
			"Date": "May 28, 2002",
			"Songs": ["Without Me", "Cleanin' Out My Closet", "Sing for the Moment"]
		  },
		  {
			"Name": "The Marshall Mathers LP",
			"Image" : "./images/album/marshall.jpg",
			"Singer": "Eminem",
			"Date": "May 23, 2000",
			"Songs": ["Stan", "The Real Slim Shady", "The Way I Am"]
		  },
		  {
			"Name": "Starboy",
			"Image" : "./images/album/star.jpeg",
			"Singer": "The Weeknd",
			"Date": "November 25, 2016",
			"Songs": ["Starboy", "I Feel It Coming", "Party Monster"]
		  },
		  {
			"Name": "Beauty Behind the Madness",
			"Image" : "./images/album/beat.jpeg",
			"Singer": "The Weeknd",
			"Date": "August 28, 2015",
			"Songs": ["Can't Feel My Face", "The Hills", "In the Night"]
		  }  
	],
	"Songs": [
		{
			"Name": "Slime You Out",
			"Image" : "./images/songs/for_all_the_dogs.png",
			"Duration": "5:10",
			"Plays": "88,353,505",
			"Album": "For All The Dogs",
			"Artist" : "Drake"
		},
		{
			"Name": "Blinding Lights",
			"Image" : "./images/songs/after_hours.jpg",
			"Duration": "3:20",
			"Plays": "3,851,061,172",
			"Album": "After Hours",
			"Artist" : "The Weeknd"
		},
		{
			"Name": "One Last Time",
			"Image" : "./images/album/every.jpg",
			"Duration": "3:17",
			"Plays": "1,284,775,878",
			"Album": "My Everything",
			"Artist" : "Ariana Grande"
		},
		{
			"Name": "Without Me",
			"Image" : "./images/album/show.jpg",
			"Duration": "4:50",
			"Plays": "1,796,666,620",
			"Album": "The Eminem Show",
			"Artist" : "Eminem"
		},
		{
			"Name": "Fireflies",
			"Image" : "./images/songs/ocean_eyes.jpg",
			"Duration": "3:48",
			"Plays": "810,221,980",
			"Album": "Ocean Eyes",
			"Artist" : "Owl City"
		},
		{
			"Name": "Super Bass",
			"Image" : "./images/album/friday.jpg",
			"Duration": "3:20",
			"Plays": "729,453,130",
			"Album": "Pink Friday (Complete Edition)",
			"Artist" : "Nicki Minaj"
		},
		{
			"Name": "Syrup",
			"Image" : "./images/songs/syrup.jpg",
			"Duration": "2:05",
			"Plays": "3,295,871",
			"Album": "Syrup",
			"Artist" : "Slump AK feat. Lil Rocket Launcher"
		},
		{
			"Name": "Instant Crush",
			"Image" : "./images/songs/ram.png",
			"Duration": "5:37",
			"Plays": "524,237,585",
			"Album": "Random Access Memories",
			"Artist" : "Daft Punk feat. Julian Casablancas"
		},
		{
			"Name": "Bound 2",
			"Image" : "./images/songs/yeezus.jfif",
			"Duration": "3:49",
			"Plays": "769,558,962",
			"Album": "Yeezus",
			"Artist" : "Kanye West"
		}

	]
}